,"방어력 (절대수치 : 들어온 공격 수치 - 방어력 = 실제 체력 피격 수치), 공격속도 기준 : 1.0 = 1초에 1번 타격, 이동속도 기준 : 5.0 (플레이어 기본 이동속도: 1초에 X/Z 포지션 기준 거리 5만큼 이동) ",,,,,,,,,,,,,,
코드명,이름,역할,Tag,Layer,공격유형,사거리,체력,방어력,공격력,공격속도,이동속도,비용,고유능력,특징,기타
MM001,001,근거리 기본 몹,Mob,Mob,Melee,1,50,0,5,0.4,4,,,,
MM002,002,근거리 탱커 몹,Mob,Mob,Melee,1,200,5,10,0.4,3,,"이동시 점차 가속, 방향 전환이 느림 (사이온 궁처럼)",,
MM003,003,근거리 견제 몹,Mob,Mob,Melee ,1,30,5,30,1,7,,,,
MR001,004,원거리 기본 몹,Mob,Mob,Ranged,4,30,0,5,0.3,4,,,,
MR002,005,원거리 공성 몹,Mob,Mob,Ranged,5,50,0,20,0.2,2,,플레이어가 아닌 방어기물이 우선 타격 순위,,
MR003,006,원거리 저격 몹,Mob,Mob,Ranged,6,30,0,20,0.2,3,,원거리에서 유저를 저격. (3초 부동조준 후 확정 타격),,
ME001,007,엘리트 근거리 기본 몹,Elite,Mob,Melee,1,300,0,15,0.4,5,,??,,
ME002,008,엘리트 원거리 기본 몹,Elite,Mob,Ranged,4,100,0,20,0.3,5,,??,,
MB001,009,기본 보스 몹,Boss,Mob,Multi,5,1000,5,20,0.2,3,,??,,
,,,,,,,,,,,,,,,
PC001,침팬지,기본 캐릭터,Player,Player,-,-,100,5,-,-,5,,무능력도 능력이다,,
PC002,원숭이,건설/기동형 캐릭터,Player,Player,-,-,80,0,-,-,6,,방어기물 건설/업그레이드 비용 10%감소,피격판정 70%,
PC003,오랑우탄,전투/탱커형 캐릭터,Player,Player,-,-,150,10,-,-,4,,전투 중 체력 재생 (초당 1),피격판정 110%,
,,,,,,,,,,,,,,,
,,,,,,,,,,,,,,,
TR010,소총 포탑,기본 소총 포탑,Turret,Turret,-,5,200,10,10,1.5,,100,,,
TR011,SMG 포탑,기본 근거리 포탑,Turret,Turret,-,,300,15,,,,100,,,
TR012,소총 포탑2,소총 포탑 강화형,Turret,Turret,-,,300,15,,,,100,,,
TR020,중화기 포탑,기본 중화기 포탑,Turret,Turret,-,5,200,10,10,3,,200,제압 사격,기관총 컨셉,
TR021,기관총 포탑,기본 중화기 포탑,Turret,Turret,-,,300,15,,,,150,,,
TR022,유탄 포탑,기본 다중 공격 포탑,Turret,Turret,-,,300,15,,,,150,,,
TR030,저격 포탑,기본 저격 포탑,Turret,Turret,-,5,200,10,,0.5,,175,멀리 있는 몹 부터 공격,,
TR031,박격포 포탑,초장거리 다중 공격 포탑,Turret,Turret,-,,300,15,,,,130,멀리 있는 몹 부터 공격,,
TR032,저격 포탑2,기본 저격 포탑 강화형,Turret,Turret,-,,300,15,,,,130,멀리 있는 몹 부터 공격,,
TR040,충격파 포탑,기본 디버프 포탑,Turret,Turret,-,7,200,10,,,,150,근처 몹 이동 둔화 15%,,
TR041,충격파 포탑2,기본 디버프 포탑 강화형,Turret,Turret,-,,300,15,,,,120,근처 몹 이동 둔화 25%,,
TR042,화염 포탑,받는 피해 강화 포탑,Turret,Turret,-,,300,15,,,,120,근처 몹 받는 피해량 120%,,
TR050,수리 포탑,기본 버프 포탑,Turret,Turret,-,7,200,10,,,,200,주기적으로 주변 포탑 회복,,
TR051,생체장 포탑,아군 치료 포탑,Turret,Turret,-,,300,15,,,,150,주기적으로 주변 포탑과 플레이어 회복,,
TR052,스태미너 포탑,,Turret,Turret,-,,300,15,,,,150,"주변 아군 공격속도 20%, 이동속도 10% 증가",,