Stage,Wave,Info,Spawn Point,Mob,Count,Buff
1,1,Normal,1,Ent_MM001,2,
,,,,,,
,,,,,,
,,,2,Ent_MM001,2,
,,,,,,
,,,,,,
,,,3,,,
,,,,,,
,,,,,,
,,,4,,,
,,,,,,
,,,,,,
,2,Normal,1,Ent_MM001,3,
,,,,Ent_MR001,1,
,,,,,,
,,,2,Ent_MM001,3,
,,,,Ent_MR001,1,
,,,,,,
,,,3,,,
,,,,,,
,,,,,,
,,,4,,,
,,,,,,
,,,,,,
,3,Elite,1,Ent_ME001,1,
,,,,,,
,,,,,,
,,,2,Ent_ME001,1,
,,,,,,
,,,,,,
,,,3,,,
,,,,,,
,,,,,,
,,,4,,,
,,,,,,
,,,,,,
,4,Normal,1,Ent_MM001,3,
,,,,Ent_MM002,1,
,,,,,,
,,,2,Ent_MM001,3,
,,,,Ent_MR001,2,
,,,,,,
,,,3,Ent_MR002,1,
,,,,,,
,,,,,,
,,,4,Ent_MR003,1,
,,,,,,
,,,,,,
,5,Normal,1,Ent_MM001,4,
,,,,Ent_MM002,2,
,,,,,,
,,,2,Ent_MM001,4,
,,,,Ent_MR001,2,
,,,,,,
,,,3,Ent_MR002,1,
,,,,,,
,,,,,,
,,,4,Ent_MR003,1,
,,,,,,
,,,,,,
,6,Elite,1,Ent_ME001,1,
,,,,Ent_MM003,4,
,,,,,,
,,,2,Ent_ME001,1,
,,,,Ent_MM003,4,
,,,,,,
,,,3,Ent_MR002,1,
,,,,,,
,,,,,,
,,,4,Ent_MR003,1,
,,,,,,
,,,,,,
,7,Boss,1,Ent_MB001,1,
,,,,Ent_MM003,4,
,,,,,,
,,,2,Ent_MR001,,
,,,,Ent_MM003,4,
,,,,,,
,,,3,,,
,,,,,,
,,,,,,
,,,4,,,